{
    "loss": 0.5287657976150513,
    "accuracy": 0.8039215803146362
}