{
    "loss": 0.7417487502098083,
    "accuracy": 0.8627451062202454
}